Unnamed: 0,Unnamed: 1,Unnamed: 2
返回目录,云途全球专线挂号(特惠带电),
,邮编,YT分区
,1001,1区
,1002,1区
,1003,1区
,1004,1区
,1005,1区
,1006,1区
,1007,1区
,1008,1区
,1009,1区
,1010,1区
,1011,1区
,1012,1区
,1013,1区
,1014,1区
,1015,1区
,1016,1区
,1017,1区
,1018,1区
,1019,1区
,1020,1区
,1021,1区
,1022,1区
,1023,1区
,1024,1区
,1025,1区
,1026,1区
,1027,1区
,1028,1区
,1029,1区
,1030,1区
,1031,1区
,1032,1区
,1033,1区
,1034,1区
,1035,1区
,1036,1区
,1037,1区
,1038,1区
,1039,1区
,1040,1区
,1041,1区
,1042,1区
,1043,1区
,1044,1区
,1045,1区
,1046,1区
,1047,1区
,1048,1区
,1049,1区
,1050,1区
,1051,1区
,1052,1区
,1053,1区
,1054,1区
,1055,1区
,1056,1区
,1057,1区
,1058,1区
,1059,1区
,1060,1区
,1061,1区
,1062,1区
,1063,1区
,1064,1区
,1065,1区
,1066,1区
,1067,1区
,1068,1区
,1069,1区
,1070,1区
,1071,1区
,1072,1区
,1073,1区
,1074,1区
,1075,1区
,1076,1区
,1077,1区
,1078,1区
,1079,1区
,1080,1区
,1081,1区
,1082,1区
,1083,1区
,1084,1区
,1085,1区
,1086,1区
,1087,1区
,1088,1区
,1089,1区
,1090,1区
,1091,1区
,1092,1区
,1093,1区
,1094,1区
,1095,1区
,1096,1区
,1097,1区
,1098,1区
,1099,1区
,1100,1区
,1101,1区
,1102,1区
,1103,1区
,1104,1区
,1105,1区
,1106,1区
,1107,1区
,1110,1区
,1111,1区
,1112,1区
,1113,1区
,1114,1区
,1115,1区
,1116,1区
,1117,1区
,1118,1区
,1119,1区
,1120,1区
,1121,1区
,1122,1区
,1123,1区
,1124,1区
,1125,1区
,1126,1区
,1127,1区
,1128,1区
,1129,1区
,1130,1区
,1131,1区
,1132,1区
,1133,1区
,1134,1区
,1135,1区
,1136,1区
,1137,1区
,1138,1区
,1139,1区
,1140,1区
,1141,1区
,1142,1区
,1143,1区
,1144,1区
,1145,1区
,1146,1区
,1147,1区
,1148,1区
,1149,1区
,1150,1区
,1151,1区
,1152,1区
,1153,1区
,1154,1区
,1155,1区
,1156,1区
,1157,1区
,1158,1区
,1159,1区
,1160,1区
,1161,1区
,1162,1区
,1163,1区
,1164,1区
,1165,1区
,1166,1区
,1167,1区
,1168,1区
,1169,1区
,1170,1区
,1171,1区
,1172,1区
,1173,1区
,1174,1区
,1175,1区
,1176,1区
,1177,1区
,1178,1区
,1179,1区
,1180,1区
,1181,1区
,1182,1区
,1183,1区
,1184,1区
,1185,1区
,1186,1区
,1187,1区
,1188,1区
,1189,1区
,1190,1区
,1191,1区
,1192,1区
,1193,1区
,1194,1区
,1195,1区
,1196,1区
,1197,1区
,1198,1区
,1199,1区
,1200,1区
,1201,1区
,1202,1区
,1203,1区
,1204,1区
,1205,1区
,1206,1区
,1207,1区
,1208,1区
,1209,1区
,1210,1区
,1211,1区
,1212,1区
,1213,1区
,1214,1区
,1215,1区
,1216,1区
,1217,1区
,1218,1区
,1219,1区
,1220,1区
,1221,1区
,1222,1区
,1223,1区
,1224,1区
,1225,1区
,1226,1区
,1227,1区
,1228,1区
,1229,1区
,1230,1区
,1231,1区
,1232,1区
,1233,1区
,1234,1区
,1235,1区
,1236,1区
,1237,1区
,1238,1区
,1239,1区
,1240,1区
,1241,1区
,1242,1区
,1243,1区
,1244,1区
,1245,1区
,1246,1区
,1247,1区
,1248,1区
,1249,1区
,1250,1区
,1251,1区
,1252,1区
,1253,1区
,1254,1区
,1255,1区
,1256,1区
,1257,1区
,1258,1区
,1259,1区
,1260,1区
,1261,1区
,1262,1区
,1263,1区
,1264,1区
,1265,1区
,1266,1区
,1267,1区
,1268,1区
,1269,1区
,1270,1区
,1271,1区
,1272,1区
,1273,1区
,1274,1区
,1275,1区
,1276,1区
,1277,1区
,1278,1区
,1279,1区
,1280,1区
,1281,1区
,1282,1区
,1283,1区
,1284,1区
,1285,1区
,1286,1区
,1287,1区
,1288,1区
,1289,1区
,1290,1区
,1291,1区
,1292,1区
,1293,1区
,1294,1区
,1295,1区
,1296,1区
,1298,1区
,1300,1区
,1301,1区
,1302,1区
,1303,1区
,1304,1区
,1305,1区
,1306,1区
,1307,1区
,1308,1区
,1309,1区
,1310,1区
,1311,1区
,1312,1区
,1313,1区
,1314,1区
,1315,1区
,1316,1区
,1317,1区
,1318,1区
,1319,1区
,1320,1区
,1321,1区
,1322,1区
,1323,1区
,1324,1区
,1325,1区
,1326,1区
,1327,1区
,1328,1区
,1329,1区
,1330,1区
,1331,1区
,1332,1区
,1333,1区
,1334,1区
,1335,1区
,1336,1区
,1337,1区
,1338,1区
,1339,1区
,1340,1区
,1341,1区
,1342,1区
,1343,1区
,1344,1区
,1345,1区
,1346,1区
,1347,1区
,1348,1区
,1349,1区
,1350,1区
,1351,1区
,1352,1区
,1353,1区
,1354,1区
,1355,1区
,1356,1区
,1357,1区
,1358,1区
,1359,1区
,1360,1区
,1361,1区
,1362,1区
,1363,1区
,1364,1区
,1365,1区
,1366,1区
,1367,1区
,1368,1区
,1369,1区
,1370,1区
,1371,1区
,1372,1区
,1373,1区
,1374,1区
,1375,1区
,1376,1区
,1377,1区
,1378,1区
,1379,1区
,1380,1区
,1381,1区
,1382,1区
,1383,1区
,1384,1区
,1385,1区
,1386,1区
,1387,1区
,1388,1区
,1389,1区
,1390,1区
,1391,1区
,1392,1区
,1393,1区
,1394,1区
,1395,1区
,1396,1区
,1397,1区
,1398,1区
,1399,1区
,1400,1区
,1401,1区
,1402,1区
,1405,1区
,1406,1区
,1407,1区
,1408,1区
,1409,1区
,1410,1区
,1411,1区
,1412,1区
,1413,1区
,1414,1区
,1416,1区
,1417,1区
,1419,1区
,1420,1区
,1421,1区
,1422,1区
,1423,1区
,1424,1区
,1425,1区
,1426,1区
,1427,1区
,1428,1区
,1429,1区
,1430,1区
,1431,1区
,1432,1区
,1433,1区
,1434,1区
,1436,1区
,1437,1区
,1439,1区
,1440,1区
,1453,1区
,1599,1区
,1601,1区
,1602,1区
,1603,1区
,1604,1区
,1605,1区
,1606,1区
,1607,1区
,1608,1区
,1609,1区
,1610,1区
,1611,1区
,1612,1区
,1613,1区
,1614,1区
,1615,1区
,1616,1区
,1617,1区
,1618,1区
,1619,1区
,1620,1区
,1621,1区
,1622,1区
,1623,1区
,1624,1区
,1625,1区
,1626,1区
,1627,1区
,1628,1区
,1629,1区
,1630,1区
,1631,1区
,1632,1区
,1633,1区
,1634,1区
,1635,1区
,1636,1区
,1637,1区
,1638,1区
,1639,1区
,1640,1区
,1641,1区
,1642,1区
,1643,1区
,1644,1区
,1645,1区
,1646,1区
,1647,1区
,1648,1区
,1649,1区
,1650,1区
,1651,1区
,1652,1区
,1653,1区
,1654,1区
,1655,1区
,1657,1区
,1659,1区
,1660,1区
,1661,1区
,1662,1区
,1663,1区
,1664,1区
,1665,1区
,1666,1区
,1667,1区
,1669,1区
,1670,1区
,1672,1区
,1674,1区
,1675,1区
,1676,1区
,1678,1区
,1682,1区
,1683,1区
,1684,1区
,1685,1区
,1686,1区
,1687,1区
,1688,1区
,1689,1区
,1690,1区
,1691,1区
,1692,1区
,1701,1区
,1702,1区
,1703,1区
,1704,1区
,1706,1区
,1707,1区
,1708,1区
,1710,1区
,1712,1区
,1713,1区
,1714,1区
,1715,1区
,1716,1区
,1717,1区
,1718,1区
,1721,1区
,1722,1区
,1723,1区
,1724,1区
,1727,1区
,1731,1区
,1733,1区
,1735,1区
,1736,1区
,1737,1区
,1738,1区
,1739,1区
,1740,1区
,1741,1区
,1742,1区
,1743,1区
,1744,1区
,1745,1区
,1746,1区
,1747,1区
,1748,1区
,1749,1区
,1750,1区
,1751,1区
,1752,1区
,1753,1区
,1754,1区
,1755,1区
,1756,1区
,1757,1区
,1758,1区
,1759,1区
,1761,1区
,1763,1区
,1764,1区
,1765,1区
,1766,1区
,1768,1区
,1770,1区
,1771,1区
,1772,1区
,1773,1区
,1774,1区
,1776,1区
,1778,1区
,1780,1区
,1781,1区
,1782,1区
,1783,1区
,1784,1区
,1785,1区
,1786,1区
,1787,1区
,1788,1区
,1789,1区
,1790,1区
,1791,1区
,1792,1区
,1793,1区
,1801,1区
,1802,1区
,1803,1区
,1804,1区
,1805,1区
,1806,1区
,1807,1区
,1808,1区
,1809,1区
,1811,1区
,1812,1区
,1813,1区
,1814,1区
,1816,1区
,1821,1区
,1822,1区
,1823,1区
,1824,1区
,1825,1区
,1826,1区
,1827,1区
,1828,1区
,1829,1区
,1831,1区
,1832,1区
,1833,1区
,1834,1区
,1835,1区
,1836,1区
,1837,1区
,1838,1区
,1839,1区
,1840,1区
,1841,1区
,1842,1区
,1843,1区
,1844,1区
,1845,1区
,1846,1区
,1847,1区
,1848,1区
,1849,1区
,1850,1区
,1851,1区
,1852,1区
,1853,1区
,1854,1区
,1855,1区
,1856,1区
,1857,1区
,1858,1区
,1859,1区
,1860,1区
,1861,1区
,1862,1区
,1863,1区
,1864,1区
,1865,1区
,1866,1区
,1867,1区
,1868,1区
,1869,1区
,1870,1区
,1871,1区
,1872,1区
,1873,1区
,1874,1区
,1875,1区
,1876,1区
,1877,1区
,1878,1区
,1879,1区
,1880,1区
,1881,1区
,1882,1区
,1883,1区
,1884,1区
,1885,1区
,1886,1区
,1887,1区
,1888,1区
,1889,1区
,1890,1区
,1891,1区
,1892,1区
,1893,1区
,1894,1区
,1895,1区
,1896,1区
,1897,1区
,1898,1区
,1900,1区
,1901,1区
,1902,1区
,1903,1区
,1904,1区
,1905,1区
,1906,1区
,1907,1区
,1908,1区
,1909,1区
,1910,1区
,1911,1区
,1912,1区
,1913,1区
,1914,1区
,1915,1区
,1916,1区
,1917,1区
,1918,1区
,1919,1区
,1921,1区
,1923,1区
,1924,1区
,1925,1区
,1926,1区
,1927,1区
,1929,1区
,1931,1区
,1933,1区
,1935,1区
,1942,1区
,1947,1区
,1948,1区
,1952,1区
,1954,1区
,1972,1区
,1980,1区
,1981,1区
,1983,1区
,1984,1区
,1986,1区
,1987,1区
,2812,1区
,2813,1区
,6700,1区
,6701,1区
,6702,1区
,6703,1区
,6706,1区
,6708,1区
,6712,1区
,7130,1区
,7135,1区
,7136,1区
,7205,1区
,7208,1区
,7220,1区
,7221,1区
,7223,1区
,7225,1区
,7226,1区
,7228,1区
,1815,2区
,2000,2区
,2001,2区
,2002,2区
,2003,2区
,2004,2区
,2005,2区
,2006,2区
,2007,2区
,2008,2区
,2009,2区
,2010,2区
,2011,2区
,2012,2区
,2013,2区
,2014,2区
,2015,2区
,2100,2区
,2101,2区
,2102,2区
,2103,2区
,2104,2区
,2105,2区
,2106,2区
,2107,2区
,2108,2区
,2109,2区
,2110,2区
,2111,2区
,2112,2区
,2113,2区
,2114,2区
,2115,2区
,2117,2区
,2118,2区
,2119,2区
,2120,2区
,2121,2区
,2122,2区
,2123,2区
,2124,2区
,2125,2区
,2126,2区
,2127,2区
,2128,2区
,2129,2区
,2130,2区
,2131,2区
,2132,2区
,2133,2区
,2134,2区
,2135,2区
,2136,2区
,2138,2区
,2139,2区
,2141,2区
,2142,2区
,2143,2区
,2144,2区
,2146,2区
,2147,2区
,2148,2区
,2149,2区
,2150,2区
,2151,2区
,2152,2区
,2153,2区
,2154,2区
,2156,2区
,2158,2区
,2170,2区
,2173,2区
,2174,2区
,2175,2区
,2176,2区
,2177,2区
,2179,2区
,2181,2区
,2183,2区
,2184,2区
,2185,2区
,2186,2区
,2187,2区
,2189,2区
,2200,2区
,2201,2区
,2202,2区
,2204,2区
,2206,2区
,2208,2区
,2209,2区
,2212,2区
,2214,2区
,2215,2区
,2216,2区
,2218,2区
,2222,2区
,2223,2区
,2240,2区
,2241,2区
,2242,2区
,2243,2区
,2244,2区
,2245,2区
,2246,2区
,2248,2区
,2249,2区
,2252,2区
,2253,2区
,2254,2区
,2255,2区
,2256,2区
,2257,2区
,2258,2区
,2300,2区
,2301,2区
,2302,2区
,2303,2区
,2305,2区
,2306,2区
,2307,2区
,2309,2区
,2310,2区
,2311,2区
,2312,2区
,2313,2区
,2315,2区
,2317,2区
,2318,2区
,2319,2区
,2320,2区
,2321,2区
,2322,2区
,2323,2区
,2324,2区
,2326,2区
,2330,2区
,2334,2区
,2339,2区
,2340,2区
,2341,2区
,2342,2区
,2343,2区
,2344,2区
,2345,2区
,2346,2区
,2347,2区
,2348,2区
,2349,2区
,2350,2区
,2351,2区
,2352,2区
,2354,2区
,2355,2区
,2356,2区
,2357,2区
,2400,2区
,2401,2区
,2403,2区
,2404,2区
,2405,2区
,2407,2区
,2408,2区
,2409,2区
,2411,2区
,2413,2区
,2414,2区
,2415,2区
,2416,2区
,2417,2区
,2418,2区
,2419,2区
,2420,2区
,2421,2区
,2422,2区
,2423,2区
,2424,2区
,2425,2区
,2426,2区
,2428,2区
,2429,2区
,2430,2区
,2432,2区
,2433,2区
,2434,2区
,2435,2区
,2436,2区
,2438,2区
,2440,2区
,2441,2区
,2443,2区
,2445,2区
,2446,2区
,2447,2区
,2449,2区
,2451,2区
,2452,2区
,2453,2区
,2454,2区
,2456,2区
,2469,2区
,2494,2区
,2495,2区
,2500,2区
,2501,2区
,2502,2区
,2503,2区
,2504,2区
,2505,2区
,2506,2区
,2508,2区
,2512,2区
,2520,2区
,2521,2区
,2523,2区
,2525,2区
,2527,2区
,2529,2区
,2531,2区
,2533,2区
,2534,2区
,2535,2区
,2537,2区
,2550,2区
,2551,2区
,2553,2区
,2555,2区
,2557,2区
,2559,2区
,2560,2区
,2561,2区
,2563,2区
,2564,2区
,2566,2区
,2568,2区
,2572,2区
,2573,2区
,2580,2区
,2581,2区
,2583,2区
,2585,2区
,2586,2区
,2587,2区
,2588,2区
,2589,2区
,2592,2区
,2594,2区
,2595,2区
,2600,2区
,2601,2区
,2602,2区
,2603,2区
,2604,2区
,2605,2区
,2607,2区
,2609,2区
,2610,2区
,2611,2区
,2613,2区
,2615,2区
,2617,2区
,2618,2区
,2619,2区
,2622,2区
,2624,2区
,2625,2区
,2627,2区
,2630,2区
,2631,2区
,2633,2区
,2635,2区
,2637,2区
,2639,2区
,2640,2区
,2643,2区
,2645,2区
,2646,2区
,2650,2区
,2651,2区
,2652,2区
,2653,2区
,2655,2区
,2657,2区
,2659,2区
,2660,2区
,2661,2区
,2662,2区
,2663,2区
,2664,2区
,2670,2区
,2671,2区
,2675,2区
,2677,2区
,2679,2区
,2681,2区
,2684,2区
,2685,2区
,2686,2区
,2700,2区
,2701,2区
,2702,2区
,2703,2区
,2704,2区
,2705,2区
,2706,2区
,2707,2区
,2709,2区
,2711,2区
,2713,2区
,2715,2区
,2717,2区
,2718,2区
,2720,2区
,2721,2区
,2722,2区
,2723,2区
,2724,2区
,2725,2区
,2726,2区
,2728,2区
,2729,2区
,2732,2区
,2740,2区
,2741,2区
,2743,2区
,2744,2区
,2745,2区
,2747,2区
,2751,2区
,2752,2区
,2753,2区
,2754,2区
,2755,2区
,2760,2区
,2761,2区
,2763,2区
,2764,2区
,2800,2区
,2801,2区
,2802,2区
,2804,2区
,2805,2区
,2806,2区
,2808,2区
,2814,2区
,2820,2区
,2821,2区
,2822,2区
,2823,2区
,2824,2区
,2826,2区
,2827,2区
,2828,2区
,2840,2区
,2841,2区
,2843,2区
,2845,2区
,2846,2区
,2847,2区
,2848,2区
,2851,2区
,2852,2区
,2854,2区
,2900,2区
,2901,2区
,2902,2区
,2903,2区
,2905,2区
,2907,2区
,2909,2区
,2912,2区
,2913,2区
,2914,2区
,2915,2区
,2916,2区
,2918,2区
,2919,2区
,2920,2区
,2921,2区
,2922,2区
,2923,2区
,2930,2区
,2931,2区
,2933,2区
,2935,2区
,2938,2区
,2942,2区
,2943,2区
,2944,2区
,2946,2区
,3000,2区
,3001,2区
,3002,2区
,3003,2区
,3004,2区
,3005,2区
,3006,2区
,3007,2区
,3008,2区
,3009,2区
,3010,2区
,3011,2区
,3012,2区
,3013,2区
,3014,2区
,3015,2区
,3016,2区
,3017,2区
,3018,2区
,3019,2区
,3020,2区
,3021,2区
,3022,2区
,3023,2区
,3024,2区
,3025,2区
,3027,2区
,3028,2区
,3029,2区
,3030,2区
,3031,2区
,3032,2区
,3033,2区
,3034,2区
,3036,2区
,3038,2区
,3039,2区
,3040,2区
,3041,2区
,3042,2区
,3044,2区
,3045,2区
,3046,2区
,3048,2区
,3049,2区
,3050,2区
,3051,2区
,3052,2区
,3053,2区
,3054,2区
,3056,2区
,3057,2区
,3058,2区
,3060,2区
,3061,2区
,3062,2区
,3063,2区
,3064,2区
,3066,2区
,3067,2区
,3068,2区
,3069,2区
,3070,2区
,3071,2区
,3072,2区
,3074,2区
,3075,2区
,3076,2区
,3077,2区
,3080,2区
,3081,2区
,3082,2区
,3083,2区
,3085,2区
,3087,2区
,3088,2区
,3089,2区
,3091,2区
,3092,2区
,3094,2区
,3097,2区
,3100,2区
,3101,2区
,3102,2区
,3103,2区
,3104,2区
,3105,2区
,3106,2区
,3107,2区
,3108,2区
,3109,2区
,3111,2区
,3112,2区
,3113,2区
,3114,2区
,3115,2区
,3116,2区
,3117,2区
,3118,2区
,3120,2区
,3122,2区
,3123,2区
,3124,2区
,3125,2区
,3126,2区
,3127,2区
,3128,2区
,3129,2区
,3130,2区
,3131,2区
,3132,2区
,3133,2区
,3134,2区
,3135,2区
,3136,2区
,3137,2区
,3138,2区
,3141,2区
,3142,2区
,3144,2区
,3145,2区
,3150,2区
,3151,2区
,3152,2区
,3153,2区
,3155,2区
,3156,2区
,3158,2区
,3162,2区
,3164,2区
,3165,2区
,3166,2区
,3170,2区
,3172,2区
,3174,2区
,3175,2区
,3176,2区
,3177,2区
,3178,2区
,3179,2区
,3180,2区
,3181,2区
,3183,2区
,3184,2区
,3185,2区
,3187,2区
,3188,2区
,3190,2区
,3191,2区
,3192,2区
,3194,2区
,3196,2区
,3197,2区
,3199,2区
,3200,2区
,3201,2区
,3202,2区
,3203,2区
,3204,2区
,3205,2区
,3206,2区
,3207,2区
,3208,2区
,3212,2区
,3214,2区
,3215,2区
,3216,2区
,3217,2区
,3218,2区
,3220,2区
,3222,2区
,3224,2区
,3226,2区
,3228,2区
,3229,2区
,3230,2区
,3231,2区
,3232,2区
,3234,2区
,3235,2区
,3236,2区
,3240,2区
,3241,2区
,3244,2区
,3246,2区
,3248,2区
,3249,2区
,3250,2区
,3252,2区
,3254,2区
,3260,2区
,3261,2区
,3262,2区
,3263,2区
,3264,2区
,3265,2区
,3267,2区
,3269,2区
,3270,2区
,3271,2区
,3272,2区
,3275,2区
,3280,2区
,3281,2区
,3282,2区
,3283,2区
,3284,2区
,3285,2区
,3286,2区
,3287,2区
,3300,2区
,3301,2区
,3302,2区
,3303,2区
,3304,2区
,3305,2区
,3306,2区
,3307,2区
,3308,2区
,3309,2区
,3310,2区
,3311,2区
,3312,2区
,3313,2区
,3315,2区
,3316,2区
,3317,2区
,3318,2区
,3319,2区
,3320,2区
,3321,2区
,3322,2区
,3323,2区
,3324,2区
,3325,2区
,3326,2区
,3327,2区
,3328,2区
,3329,2区
,3330,2区
,3331,2区
,3332,2区
,3333,2区
,3334,2区
,3335,2区
,3336,2区
,3337,2区
,3338,2区
,3339,2区
,3340,2区
,3341,2区
,3342,2区
,3343,2区
,3344,2区
,3345,2区
,3346,2区
,3350,2区
,3351,2区
,3352,2区
,3353,2区
,3354,2区
,3355,2区
,3356,2区
,3357,2区
,3358,2区
,3359,2区
,3360,2区
,3361,2区
,3362,2区
,3363,2区
,3364,2区
,3365,2区
,3366,2区
,3367,2区
,3368,2区
,3369,2区
,3370,2区
,3371,2区
,3372,2区
,3373,2区
,3374,2区
,3375,2区
,3376,2区
,3377,2区
,3378,2区
,3379,2区
,3380,2区
,3381,2区
,3382,2区
,3383,2区
,3384,2区
,3385,2区
,3386,2区
,3387,2区
,3388,2区
,3389,2区
,3390,2区
,3391,2区
,3393,2区
,3396,2区
,3400,2区
,3401,2区
,3402,2区
,3403,2区
,3404,2区
,3405,2区
,3406,2区
,3407,2区
,3408,2区
,3409,2区
,3410,2区
,3411,2区
,3412,2区
,3414,2区
,3416,2区
,3418,2区
,3420,2区
,3421,2区
,3423,2区
,3424,2区
,3425,2区
,3426,2区
,3427,2区
,3428,2区
,3432,2区
,3433,2区
,3436,2区
,3440,2区
,3441,2区
,3442,2区
,3443,2区
,3444,2区
,3445,2区
,3446,2区
,3448,2区
,3449,2区
,3450,2区
,3451,2区
,3452,2区
,3453,2区
,3454,2区
,3460,2区
,3461,2区
,3463,2区
,3465,2区
,3466,2区
,3470,2区
,3471,2区
,3472,2区
,3473,2区
,3474,2区
,3476,2区
,3480,2区
,3481,2区
,3483,2区
,3485,2区
,3486,2区
,3487,2区
,3500,2区
,3501,2区
,3502,2区
,3503,2区
,3504,2区
,3505,2区
,3506,2区
,3507,2区
,3508,2区
,3509,2区
,3510,2区
,3511,2区
,3512,2区
,3513,2区
,3514,2区
,3515,2区
,3516,2区
,3517,2区
,3518,2区
,3519,2区
,3520,2区
,3521,2区
,3522,2区
,3523,2区
,3524,2区
,3526,2区
,3527,2区
,3528,2区
,3530,2区
,3531,2区
,3532,2区
,3533,2区
,3534,2区
,3535,2区
,3536,2区
,3540,2区
,3541,2区
,3542,2区
,3543,2区
,3544,2区
,3545,2区
,3548,2区
,3550,2区
,3551,2区
,3552,2区
,3553,2区
,3555,2区
,3557,2区
,3560,2区
,3561,2区
,3562,2区
,3563,2区
,3565,2区
,3567,2区
,3569,2区
,3572,2区
,3574,2区
,3575,2区
,3576,2区
,3577,2区
,3580,2区
,3581,2区
,3583,2区
,3584,2区
,3585,2区
,3586,2区
,3587,2区
,3588,2区
,3589,2区
,3592,2区
,3596,2区
,3600,2区
,3601,2区
,3602,2区
,3603,2区
,3604,2区
,3605,2区
,3606,2区
,3608,2区
,3609,2区
,3610,2区
,3611,2区
,3612,2区
,3613,2区
,3614,2区
,3615,2区
,3616,2区
,3617,2区
,3618,2区
,3620,2区
,3621,2区
,3622,2区
,3624,2区
,3625,2区
,3626,2区
,3627,2区
,3628,2区
,3630,2区
,3632,2区
,3634,2区
,3636,2区
,3637,2区
,3639,2区
,3640,2区
,3641,2区
,3642,2区
,3643,2区
,3647,2区
,3648,2区
,3657,2区
,3698,2区
,3699,2区
,3700,2区
,3701,2区
,3702,2区
,3703,2区
,3704,2区
,3705,2区
,3706,2区
,3708,2区
,3712,2区
,3713,2区
,3714,2区
,3715,2区
,3716,2区
,3717,2区
,3718,2区
,3719,2区
,3721,2区
,3722,2区
,3724,2区
,3725,2区
,3726,2区
,3727,2区
,3728,2区
,3729,2区
,3730,2区
,3731,2区
,3732,2区
,3733,2区
,3734,2区
,3735,2区
,3736,2区
,3740,2区
,3741,2区
,3743,2区
,3745,2区
,3747,2区
,3749,2区
,3752,2区
,3753,2区
,3760,2区
,3761,2区
,3763,2区
,3765,2区
,3766,2区
,4000,2区
,4001,2区
,4002,2区
,4003,2区
,4005,2区
,4010,2区
,4011,2区
,4065,2区
,4101,2区
,4102,2区
,4103,2区
,4104,2区
,4105,2区
,4107,2区
,4108,2区
,4109,2区
,4110,2区
,4111,2区
,4112,2区
,4113,2区
,4115,2区
,4116,2区
,4117,2区
,4118,2区
,4119,2区
,4120,2区
,4121,2区
,4122,2区
,4123,2区
,4124,2区
,4125,2区
,4126,2区
,4127,2区
,4128,2区
,4129,2区
,4130,2区
,4131,2区
,4132,2区
,4133,2区
,4134,2区
,4135,2区
,4136,2区
,4137,2区
,4138,2区
,4139,2区
,4140,2区
,4141,2区
,4142,2区
,4143,2区
,4144,2区
,4145,2区
,4146,2区
,4147,2区
,4149,2区
,4150,2区
,4151,2区
,4152,2区
,4153,2区
,4154,2区
,4155,2区
,4156,2区
,4157,2区
,4158,2区
,4159,2区
,4160,2区
,4161,2区
,4162,2区
,4163,2区
,4164,2区
,4165,2区
,4166,2区
,4167,2区
,4168,2区
,4171,2区
,4172,2区
,4173,2区
,4174,2区
,4176,2区
,4177,2区
,4178,2区
,4179,2区
,4181,2区
,4182,2区
,4184,2区
,4186,2区
,4187,2区
,4188,2区
,4189,2区
,4190,2区
,4191,2区
,4193,2区
,4194,2区
,4195,2区
,4197,2区
,4198,2区
,4200,2区
,4201,2区
,4202,2区
,4203,2区
,4204,2区
,4205,2区
,4206,2区
,4207,2区
,4208,2区
,4212,2区
,4220,2区
,4221,2区
,4223,2区
,4225,2区
,4226,2区
,4230,2区
,4231,2区
,4233,2区
,4234,2区
,4235,2区
,4237,2区
,4238,2区
,4242,2区
,4283,2区
,4300,2区
,4301,2区
,4302,2区
,4303,2区
,4304,2区
,4306,2区
,4308,2区
,4312,2区
,4313,2区
,4315,2区
,4317,2区
,4318,2区
,4319,2区
,4320,2区
,4321,2区
,4322,2区
,4324,2区
,4326,2区
,4328,2区
,4332,2区
,4334,2区
,4335,2区
,4336,2区
,4338,2区
,4339,2区
,4340,2区
,4350,2区
,4351,2区
,4352,2区
,4353,2区
,4354,2区
,4356,2区
,4357,2区
,4400,2区
,4401,2区
,4402,2区
,4403,2区
,4404,2区
,4405,2区
,4406,2区
,4407,2区
,4408,2区
,4409,2区
,4410,2区
,4411,2区
,4412,2区
,4413,2区
,4414,2区
,4415,2区
,4416,2区
,4417,2区
,4418,2区
,4419,2区
,4420,2区
,4421,2区
,4423,2区
,4424,2区
,4425,2区
,4426,2区
,4427,2区
,4428,2区
,4429,2区
,4430,2区
,4431,2区
,4432,2区
,4433,2区
,4434,2区
,4440,2区
,4441,2区
,4444,2区
,4446,2区
,4448,2区
,4449,2区
,4450,2区
,4451,2区
,4452,2区
,4453,2区
,4500,2区
,4501,2区
,4502,2区
,4503,2区
,4504,2区
,4506,2区
,4510,2区
,4512,2区
,4513,2区
,4514,2区
,4516,2区
,4518,2区
,4522,2区
,4523,2区
,4530,2区
,4531,2区
,4532,2区
,4533,2区
,4534,2区
,4535,2区
,4537,2区
,4538,2区
,4541,2区
,4542,2区
,4550,2区
,4552,2区
,4554,2区
,4555,2区
,4560,2区
,4561,2区
,4562,2区
,4563,2区
,4564,2区
,4566,2区
,4568,2区
,4600,2区
,4601,2区
,4602,2区
,4603,2区
,4604,2区
,4605,2区
,4606,2区
,4607,2区
,4608,2区
,4609,2区
,4610,2区
,4612,2区
,4613,2区
,4616,2区
,4617,2区
,4618,2区
,4619,2区
,4622,2区
,4624,2区
,4626,2区
,4629,2区
,4630,2区
,4631,2区
,4632,2区
,4633,2区
,4634,2区
,4635,2区
,4636,2区
,4639,2区
,4640,2区
,4641,2区
,4642,2区
,4643,2区
,4644,2区
,4645,2区
,4648,2区
,4649,2区
,4650,2区
,4651,2区
,4652,2区
,4653,2区
,4655,2区
,4656,2区
,4700,2区
,4701,2区
,4702,2区
,4703,2区
,4704,2区
,4705,2区
,4706,2区
,4707,2区
,4708,2区
,4709,2区
,4710,2区
,4711,2区
,4712,2区
,4713,2区
,4714,2区
,4715,2区
,4716,2区
,4717,2区
,4718,2区
,4719,2区
,4721,2区
,4722,2区
,4723,2区
,4724,2区
,4725,2区
,4726,2区
,4728,2区
,4730,2区
,4731,2区
,4732,2区
,4740,2区
,4741,2区
,4742,2区
,4743,2区
,4748,2区
,4750,2区
,4751,2区
,4753,2区
,4754,2区
,4755,2区
,5000,2区
,5001,2区
,5002,2区
,5003,2区
,5004,2区
,5005,2区
,5006,2区
,5007,2区
,5008,2区
,5009,2区
,5010,2区
,5011,2区
,5012,2区
,5013,2区
,5014,2区
,5015,2区
,5016,2区
,5017,2区
,5018,2区
,5019,2区
,5020,2区
,5021,2区
,5022,2区
,5023,2区
,5024,2区
,5100,2区
,5101,2区
,5102,2区
,5103,2区
,5104,2区
,5105,2区
,5106,2区
,5107,2区
,5108,2区
,5109,2区
,5110,2区
,5111,2区
,5112,2区
,5113,2区
,5114,2区
,5115,2区
,5117,2区
,5118,2区
,5119,2区
,5120,2区
,5121,2区
,5123,2区
,5124,2区
,5125,2区
,5126,2区
,5127,2区
,5128,2区
,5129,2区
,5130,2区
,5131,2区
,5133,2区
,5134,2区
,5135,2区
,5136,2区
,5137,2区
,5138,2区
,5139,2区
,5141,2区
,5142,2区
,5143,2区
,5144,2区
,5145,2区
,5146,2区
,5147,2区
,5148,2区
,5149,2区
,5150,2区
,5151,2区
,5152,2区
,5153,2区
,5154,2区
,5155,2区
,5156,2区
,5157,2区
,5158,2区
,5159,2区
,5161,2区
,5162,2区
,5164,2区
,5165,2区
,5166,2区
,5167,2区
,5168,2区
,5169,2区
,5170,2区
,5172,2区
,5174,2区
,5175,2区
,5176,2区
,5178,2区
,5180,2区
,5182,2区
,5184,2区
,5186,2区
,5187,2区
,5188,2区
,5189,2区
,5191,2区
,5192,2区
,5194,2区
,5196,2区
,5197,2区
,5199,2区
,5200,2区
,5201,2区
,5203,2区
,5205,2区
,5209,2区
,5211,2区
,5212,2区
,5214,2区
,5215,2区
,5216,2区
,5218,2区
,5220,2区
,5221,2区
,5223,2区
,5225,2区
,5227,2区
,5229,2区
,5231,2区
,5233,2区
,5235,2区
,5236,2区
,5238,2区
,5242,2区
,5243,2区
,5244,2区
,5245,2区
,5246,2区
,5248,2区
,5249,2区
,5250,2区
,5251,2区
,5253,2区
,5255,2区
,5257,2区
,5258,2区
,5260,2区
,5261,2区
,5262,2区
,5263,2区
,5264,2区
,5265,2区
,5266,2区
,5270,2区
,5271,2区
,5272,2区
,5274,2区
,5275,2区
,5276,2区
,5277,2区
,5278,2区
,5280,2区
,5281,2区
,5282,2区
,5283,2区
,5284,2区
,5285,2区
,5286,2区
,5287,2区
,5289,2区
,5291,2区
,5293,2区
,5294,2区
,5295,2区
,5297,2区
,5299,2区
,5300,2区
,5301,2区
,5302,2区
,5303,2区
,5304,2区
,5305,2区
,5306,2区
,5307,2区
,5308,2区
,5309,2区
,5310,2区
,5311,2区
,5313,2区
,5314,2区
,5315,2区
,5317,2区
,5319,2区
,5321,2区
,5325,2区
,5326,2区
,5327,2区
,5328,2区
,5329,2区
,5330,2区
,5331,2区
,5332,2区
,5333,2区
,5339,2区
,5340,2区
,5341,2区
,5342,2区
,5343,2区
,5344,2区
,5345,2区
,5347,2区
,5350,2区
,5351,2区
,5352,2区
,5353,2区
,5355,2区
,5356,2区
,5357,2区
,5359,2区
,5360,2区
,5361,2区
,5362,2区
,5363,2区
,5364,2区
,5365,2区
,5366,2区
,5367,2区
,5369,2区
,5370,2区
,5371,2区
,5372,2区
,5373,2区
,5374,2区
,5375,2区
,5376,2区
,5378,2区
,5379,2区
,5380,2区
,5381,2区
,5382,2区
,5383,2区
,5384,2区
,5385,2区
,5386,2区
,5388,2区
,5389,2区
,5400,2区
,5401,2区
,5402,2区
,5403,2区
,5405,2区
,5406,2区
,5407,2区
,5409,2区
,5410,2区
,5411,2区
,5412,2区
,5413,2区
,5414,2区
,5415,2区
,5416,2区
,5417,2区
,5418,2区
,5419,2区
,5420,2区
,5421,2区
,5422,2区
,5423,2区
,5424,2区
,5425,2区
,5426,2区
,5427,2区
,5428,2区
,5429,2区
,5430,2区
,5431,2区
,5433,2区
,5434,2区
,5435,2区
,5436,2区
,5437,2区
,5438,2区
,5439,2区
,5440,2区
,5441,2区
,5442,2区
,5443,2区
,5444,2区
,5445,2区
,5446,2区
,5447,2区
,5449,2区
,5450,2区
,5451,2区
,5452,2区
,5454,2区
,5455,2区
,5456,2区
,5458,2区
,5459,2区
,5460,2区
,5461,2区
,5463,2区
,5464,2区
,5465,2区
,5466,2区
,5467,2区
,5468,2区
,5469,2区
,5470,2区
,5471,2区
,5473,2区
,5474,2区
,5475,2区
,5500,2区
,5501,2区
,5502,2区
,5503,2区
,5504,2区
,5505,2区
,5507,2区
,5509,2区
,5510,2区
,5511,2区
,5512,2区
,5513,2区
,5514,2区
,5515,2区
,5516,2区
,5517,2区
,5519,2区
,5520,2区
,5521,2区
,5522,2区
,5523,2区
,5524,2区
,5525,2区
,5526,2区
,5527,2区
,5528,2区
,5529,2区
,5530,2区
,5531,2区
,5532,2区
,5533,2区
,5534,2区
,5535,2区
,5536,2区
,5537,2区
,5538,2区
,5539,2区
,5540,2区
,5541,2区
,5542,2区
,5543,2区
,5544,2区
,5545,2区
,5546,2区
,5547,2区
,5548,2区
,5549,2区
,5550,2区
,5551,2区
,5552,2区
,5553,2区
,5554,2区
,5555,2区
,5556,2区
,5557,2区
,5558,2区
,5559,2区
,5560,2区
,5561,2区
,5562,2区
,5563,2区
,5564,2区
,5565,2区
,5566,2区
,5567,2区
,5568,2区
,5569,2区
,5570,2区
,5571,2区
,5572,2区
,5573,2区
,5574,2区
,5575,2区
,5576,2区
,5577,2区
,5578,2区
,5579,2区
,5580,2区
,5581,2区
,5582,2区
,5583,2区
,5584,2区
,5585,2区
,5586,2区
,5587,2区
,5588,2区
,5589,2区
,5590,2区
,5591,2区
,5592,2区
,5593,2区
,5594,2区
,5595,2区
,5596,2区
,5597,2区
,5598,2区
,5600,2区
,5601,2区
,5602,2区
,5603,2区
,5605,2区
,5606,2区
,5607,2区
,5608,2区
,5609,2区
,5611,2区
,5612,2区
,5613,2区
,5614,2区
,5615,2区
,5617,2区
,5618,2区
,5619,2区
,5620,2区
,5621,2区
,5622,2区
,5623,2区
,5624,2区
,5625,2区
,5626,2区
,5627,2区
,5628,2区
,5629,2区
,5630,2区
,5631,2区
,5632,2区
,5633,2区
,5634,2区
,5635,2区
,5636,2区
,5637,2区
,5638,2区
,5640,2区
,5641,2区
,5644,2区
,5645,2区
,5646,2区
,5647,2区
,5648,2区
,5649,2区
,5650,2区
,5651,2区
,5652,2区
,5653,2区
,5654,2区
,5655,2区
,5656,2区
,5657,2区
,5658,2区
,5659,2区
,5661,2区
,5662,2区
,5663,2区
,5664,2区
,5665,2区
,5666,2区
,5667,2区
,5668,2区
,5669,2区
,5670,2区
,5671,2区
,5672,2区
,5674,2区
,5675,2区
,5676,2区
,5677,2区
,5678,2区
,5679,2区
,5680,2区
,5681,2区
,5682,2区
,5684,2区
,5685,2区
,5686,2区
,5689,2区
,5700,2区
,5701,2区
,5702,2区
,5703,2区
,5704,2区
,5705,2区
,5707,2区
,5709,2区
,5710,2区
,5711,2区
,5713,2区
,5714,2区
,5715,2区
,5716,2区
,5717,2区
,5718,2区
,5719,2区
,5720,2区
,5721,2区
,5722,2区
,5723,2区
,5724,2区
,5725,2区
,5726,2区
,5730,2区
,5731,2区
,5732,2区
,5733,2区
,5734,2区
,5735,2区
,5736,2区
,5738,2区
,5741,2区
,5743,2区
,5750,2区
,5751,2区
,5752,2区
,5753,2区
,5755,2区
,5757,2区
,5758,2区
,5759,2区
,5760,2区
,5761,2区
,5762,2区
,5763,2区
,5770,2区
,5771,2区
,5773,2区
,5774,2区
,5775,2区
,5777,2区
,5779,2区
,5780,2区
,5800,2区
,5801,2区
,5802,2区
,5803,2区
,5804,2区
,5805,2区
,5806,2区
,5807,2区
,5808,2区
,5809,2区
,5811,2区
,5813,2区
,5814,2区
,5815,2区
,5817,2区
,5819,2区
,5821,2区
,5822,2区
,5823,2区
,5824,2区
,5825,2区
,5827,2区
,5829,2区
,5831,2区
,5832,2区
,5833,2区
,5835,2区
,5837,2区
,5838,2区
,5839,2区
,5841,2区
,5843,2区
,5845,2区
,5847,2区
,5848,2区
,5850,2区
,5851,2区
,5853,2区
,5854,2区
,5856,2区
,5857,2区
,5858,2区
,5859,2区
,5862,2区
,5864,2区
,5865,2区
,5867,2区
,5870,2区
,5871,2区
,5872,2区
,5873,2区
,5874,2区
,5875,2区
,5877,2区
,5879,2区
,5880,2区
,5881,2区
,5882,2区
,5883,2区
,5884,2区
,5885,2区
,5886,2区
,5887,2区
,5888,2区
,5889,2区
,5891,2区
,5893,2区
,5900,2区
,5901,2区
,5903,2区
,5905,2区
,5907,2区
,5909,2区
,5910,2区
,5911,2区
,5913,2区
,5915,2区
,5917,2区
,5919,2区
,5921,2区
,5923,2区
,5924,2区
,5925,2区
,5927,2区
,5929,2区
,5931,2区
,5933,2区
,5935,2区
,5936,2区
,5940,2区
,5941,2区
,5943,2区
,5945,2区
,5947,2区
,5949,2区
,5951,2区
,5953,2区
,5957,2区
,5960,2区
,5961,2区
,5963,2区
,5964,2区
,5965,2区
,5966,2区
,5967,2区
,5968,2区
,5969,2区
,5970,2区
,5971,2区
,5972,2区
,5973,2区
,5974,2区
,5975,2区
,5980,2区
,5981,2区
,5982,2区
,5984,2区
,5986,2区
,5987,2区
,5988,2区
,5992,2区
,6000,2区
,6001,2区
,6002,2区
,6003,2区
,6005,2区
,6007,2区
,6009,2区
,6013,2区
,6015,2区
,6017,2区
,6018,2区
,6019,2区
,6022,2区
,6023,2区
,6024,2区
,6026,2区
,6027,2区
,6030,2区
,6031,2区
,6032,2区
,6034,2区
,6036,2区
,6039,2区
,6042,2区
,6047,2区
,6049,2区
,6050,2区
,6051,2区
,6053,2区
,6058,2区
,6062,2区
,6063,2区
,6064,2区
,6065,2区
,6070,2区
,6071,2区
,6073,2区
,6075,2区
,6077,2区
,6078,2区
,6079,2区
,6100,2区
,6101,2区
,6102,2区
,6103,2区
,6105,2区
,6106,2区
,6107,2区
,6120,2区
,6121,2区
,6123,2区
,6125,2区
,6126,2区
,6127,2区
,6128,2区
,6132,2区
,6134,2区
,6140,2区
,6141,2区
,6142,2区
,6144,2区
,6175,2区
,6200,2区
,6201,2区
,6203,2区
,6205,2区
,6207,2区
,6208,2区
,6211,2区
,6212,2区
,6213,2区
,6214,2区
,6215,2区
,6216,2区
,6217,2区
,6218,2区
,6220,2区
,6221,2区
,6223,2区
,6225,2区
,6227,2区
,6228,2区
,6230,2区
,6231,2区
,6233,2区
,6235,2区
,6237,2区
,6239,2区
,6241,2区
,6242,2区
,6244,2区
,6249,2区
,6269,2区
,6270,2区
,6271,2区
,6272,2区
,6273,2区
,6274,2区
,6275,2区
,6277,2区
,6278,2区
,6279,2区
,6300,2区
,6301,2区
,6302,2区
,6303,2区
,6304,2区
,6305,2区
,6307,2区
,6309,2区
,6311,2区
,6312,2区
,6313,2区
,6315,2区
,6317,2区
,6319,2区
,6321,2区
,6323,2区
,6325,2区
,6326,2区
,6330,2区
,6331,2区
,6333,2区
,6335,2区
,6337,2区
,6338,2区
,6339,2区
,6341,2区
,6343,2区
,6345,2区
,6346,2区
,6348,2区
,6352,2区
,6354,2区
,6360,2区
,6361,2区
,6365,2区
,6367,2区
,6369,2区
,6373,2区
,6380,2区
,6381,2区
,6383,2区
,6385,2区
,6386,2区
,6387,2区
,6389,2区
,6400,2区
,6401,2区
,6403,2区
,6405,2区
,6407,2区
,6409,2区
,6411,2区
,6417,2区
,6422,2区
,6424,2区
,6430,2区
,6431,2区
,6433,2区
,6434,2区
,6435,2区
,6437,2区
,6438,2区
,6439,2区
,6441,2区
,6443,2区
,6450,2区
,6451,2区
,6453,2区
,6455,2区
,6457,2区
,6459,2区
,6461,2区
,6463,2区
,6465,2区
,6467,2区
,6469,2区
,6471,2区
,6472,2区
,6474,2区
,6475,2区
,6476,2区
,6500,2区
,6501,2区
,6503,2区
,6505,2区
,6507,2区
,6509,2区
,6511,2区
,6513,2区
,6515,2区
,6516,2区
,6530,2区
,6531,2区
,6533,2区
,6535,2区
,6537,2区
,6538,2区
,6550,2区
,6551,2区
,6553,2区
,6555,2区
,6557,2区
,6559,2区
,6561,2区
,6600,2区
,6601,2区
,6602,2区
,6603,2区
,6604,2区
,6605,2区
,6607,2区
,6608,2区
,6612,2区
,6614,2区
,6616,2区
,6620,2区
,6621,2区
,6623,2区
,6625,2区
,6627,2区
,6628,2区
,6632,2区
,6634,2区
,6640,2区
,6641,2区
,6643,2区
,6645,2区
,6646,2区
,6648,2区
,6651,2区
,6652,2区
,6660,2区
,6661,2区
,6663,2区
,6665,2区
,6667,2区
,6705,2区
,6720,2区
,6721,2区
,6723,2区
,6725,2区
,6727,2区
,6730,2区
,6734,2区
,6740,2区
,6743,2区
,6746,2区
,6748,2区
,7000,2区
,7001,2区
,7003,2区
,7005,2区
,7007,2区
,7009,2区
,7011,2区
,7013,2区
,7020,2区
,7021,2区
,7033,2区
,7100,2区
,7101,2区
,7102,2区
,7103,2区
,7104,2区
,7105,2区
,7106,2区
,7107,2区
,7108,2区
,7109,2区
,7110,2区
,7111,2区
,7112,2区
,7113,2区
,7114,2区
,7116,2区
,7118,2区
,7119,2区
,7150,2区
,7151,2区
,7153,2区
,7160,2区
,7161,2区
,7162,2区
,7163,2区
,7164,2区
,7165,2区
,7166,2区
,7167,2区
,7169,2区
,7172,2区
,7174,2区
,7176,2区
,7200,2区
,7201,2区
,7203,2区
,7207,2区
,7212,2区
,7214,2区
,7215,2区
,7240,2区
,7241,2区
,7243,2区
,7245,2区
,7247,2区
,7249,2区
,7260,2区
,7261,2区
,7263,2区
,7265,2区
,7267,2区
,7300,2区
,7301,2区
,7303,2区
,7305,2区
,7307,2区
,7311,2区
,7313,2区
,7316,2区
,7318,2区
,7400,2区
,7401,2区
,7403,2区
,7404,2区
,7406,2区
,7407,2区
,7408,2区
,7412,2区
,7414,2区
,7420,2区
,7436,2区
,7500,2区
,7501,2区
,7503,2区
,7505,2区
,7507,2区
,7509,2区
,7511,2区
,7513,2区
,7515,2区
,7517,2区
,7519,2区
,7521,2区
,7530,2区
,7531,2区
,7533,2区
,7535,2区
,7536,2区
,7540,2区
,7541,2区
,7543,2区
,7545,2区
,7547,2区
,7548,2区
,7570,2区
,7600,2区
,7601,2区
,7602,2区
,7603,2区
,7604,2区
,7605,2区
,7606,2区
,7607,2区
,7608,2区
,7609,2区
,7610,2区
,7611,2区
,7612,2区
,7613,2区
,7619,2区
,7620,2区
,7621,2区
,7623,2区
,7630,2区
,7631,2区
,7632,2区
,7633,2区
,7635,2区
,7637,2区
,7639,2区
,7640,2区
,7641,2区
,8000,2区
,8001,2区
,8002,2区
,8003,2区
,8017,2区
,8100,2区
,8101,2区
,8103,2区
,8105,2区
,8107,2区
,8109,2区
,8111,2区
,8113,2区
,8115,2区
,8117,2区
,8118,2区
,8120,2区
,8122,2区
,8124,2区
,8126,2区
,8127,2区
,8129,2区
,8132,2区
,8133,2区
,8134,2区
,8136,2区
,8138,2区
,8142,2区
,8144,2区
,8146,2区
,8148,2区
,8150,2区
,8151,2区
,8153,2区
,8154,2区
,8156,2区
,8158,2区
,8160,2区
,8162,2区
,8164,2区
,8166,2区
,8168,2区
,8170,2区
,8171,2区
,8172,2区
,8174,2区
,8175,2区
,8180,2区
,8181,2区
,8183,2区
,8184,2区
,8185,2区
,8187,2区
,8200,2区
,8203,2区
,8204,2区
,8206,2区
,8208,2区
,8212,2区
,8214,2区
,8225,2区
,8201,3区
,8211,3区
,8300,3区
,8301,3区
,8302,3区
,8303,3区
,8304,3区
,8305,3区
,8307,3区
,8308,3区
,8309,3区
,8311,3区
,8313,3区
,8315,3区
,8316,3区
,8318,3区
,8319,3区
,8320,3区
,8322,3区
,8324,3区
,8325,3区
,8326,3区
,8327,3区
,8328,3区
,8332,3区
,8333,3区
,8334,3区
,8335,3区
,8336,3区
,8337,3区
,8340,3区
,8341,3区
,8344,3区
,8345,3区
,8346,3区
,8347,3区
,8348,3区
,8349,3区
,8351,3区
,8353,3区
,8360,3区
,8361,3区
,8363,3区
,8364,3区
,8366,3区
,8369,3区
,8370,3区
,8371,3区
,8373,3区
,8375,3区
,8379,3区
,8400,3区
,8401,3区
,8402,3区
,8403,3区
,8404,3区
,8405,3区
,8406,3区
,8407,3区
,8409,3区
,8411,3区
,8412,3区
,8415,3区
,8416,3区
,8417,3区
,8418,3区
,8422,3区
,8424,3区
,8430,3区
,8431,3区
,8500,3区
,8501,3区
,8503,3区
,8504,3区
,8505,3区
,8506,3区
,8508,3区
,8512,3区
,8514,3区
,8520,3区
,8521,3区
,8532,3区
,8534,3区
,8536,3区
,9000,3区
,9001,3区
,9002,3区
,9003,3区
,9004,3区
,9005,3区
,9006,3区
,9007,3区
,9008,3区
,9009,3区
,9010,3区
,9011,3区
,9013,3区
,9015,3区
,9017,3区
,9019,3区
,9020,3区
,9021,3区
,9023,3区
,9030,3区
,9031,3区
,9033,3区
,9035,3区
,9037,3区
,9039,3区
,9040,3区
,9041,3区
,9050,3区
,9051,3区
,9053,3区
,9100,3区
,9101,3区
,9102,3区
,9103,3区
,9105,3区
,9107,3区
,9111,3区
,9113,3区
,9120,3区
,9121,3区
,9123,3区
,9200,3区
,9201,3区
,9203,3区
,9207,3区
,9210,3区
,9211,3区
,9213,3区
,9217,3区
,9220,3区
,9221,3区
,9223,3区
,9225,3区
,9227,3区
,9300,3区
,9301,3区
,9303,3区
,9305,3区
,9310,3区
,9311,3区
,9313,3区
,9315,3区
,9400,3区
,9401,3区
,9402,3区
,9405,3区
,9407,3区
,9408,3区
,9409,4区
,9410,4区
,9412,4区
,9413,4区
,9420,4区
,9421,4区
